{"cameraMode":{"drawMode":0,"name":"Shaded","section":"Shading Mode"},"sceneLighting":false,"audioPlay":false,"sceneViewState":{"showFog":true,"showMaterialUpdate":false,"showSkybox":false,"showFlares":true,"showImageEffects":true,"showParticleSystems":true},"in2DMode":false,"pivot":{"x":7.438666343688965,"y":1.6757895946502686,"z":7.330209732055664},"rotation":{"x":0.060283809900283816,"y":0.9085355401039124,"z":-0.14194105565547944,"w":0.3886001408100128},"size":9.598499298095704,"orthographic":false}