{"cameraMode":{"drawMode":0,"name":"Shaded","section":"Shading Mode"},"sceneLighting":false,"audioPlay":false,"sceneViewState":{"showFog":true,"showMaterialUpdate":false,"showSkybox":false,"showFlares":true,"showImageEffects":true,"showParticleSystems":true},"in2DMode":false,"pivot":{"x":8.67469310760498,"y":0.3666762113571167,"z":5.793400287628174},"rotation":{"x":0.07223924994468689,"y":0.017611589282751085,"z":-0.0016499310731887818,"w":0.9973452091217041},"size":2.3585562705993654,"orthographic":false}