{"cameraMode":{"drawMode":0,"name":"Shaded","section":"Shading Mode"},"sceneLighting":false,"audioPlay":false,"sceneViewState":{"showFog":true,"showMaterialUpdate":false,"showSkybox":false,"showFlares":true,"showImageEffects":true,"showParticleSystems":true},"in2DMode":false,"pivot":{"x":-0.6161350011825562,"y":1.6313042640686036,"z":-3.1751043796539308},"rotation":{"x":0.046437229961156848,"y":0.736687421798706,"z":-0.051393140107393268,"w":0.6728490591049194},"size":8.74252986907959,"orthographic":false}