{"cameraMode":{"drawMode":0,"name":"Shaded","section":"Shading Mode"},"sceneLighting":false,"audioPlay":false,"sceneViewState":{"showFog":true,"showMaterialUpdate":false,"showSkybox":false,"showFlares":true,"showImageEffects":true,"showParticleSystems":true},"in2DMode":false,"pivot":{"x":-1.973686695098877,"y":0.3285348117351532,"z":-10.415843963623047},"rotation":{"x":0.1834142655134201,"y":-0.12554866075515748,"z":0.023625284433364869,"w":0.9747002720832825},"size":1.6702771186828614,"orthographic":true}